date,close,high,low,open,volume,adjClose,adjHigh,adjLow,adjOpen,adjVolume,divCash,splitFactor
2022-03-01T00:00:00.000Z,294.95,299.97,292.15,296.4,31217778,286.9735442208,291.8577862686,284.2492657878,288.3843312665,31217778,0.0,1.0
2022-03-02T00:00:00.000Z,300.19,301.47,293.698,295.36,31873007,292.0718367169,293.3172211434,285.7554025786,287.3724564199,31873007,0.0,1.0
2022-03-03T00:00:00.000Z,295.92,303.13,294.05,302.89,27314469,287.9173121065,294.9323290716,286.0978832959,294.6988194916,27314469,0.0,1.0
2022-03-04T00:00:00.000Z,289.86,295.66,287.165,294.29,32369655,282.0211952122,287.6643433949,279.3990772205,286.3313928759,32369655,0.0,1.0
2022-03-07T00:00:00.000Z,278.91,289.69,278.53,288.53,43157178,271.367320626,281.8557925931,270.9975971243,280.7271629565,43157178,0.0,1.0
2022-03-08T00:00:00.000Z,275.85,283.96,270.0,277.8,48159475,268.3900734813,276.2807513712,262.6982774695,270.2873388186,48159475,0.0,1.0
2022-03-09T00:00:00.000Z,288.5,289.6,280.78,283.44,35204480,280.697974259,281.7682265006,273.1867494366,275.774813948,35204480,0.0,1.0
2022-03-10T00:00:00.000Z,285.59,286.6,280.58,283.02,30628012,277.8666706019,278.8493567509,272.9921581199,275.366172183,30628012,0.0,1.0
2022-03-11T00:00:00.000Z,280.07,289.51,279.43,287.96,27209330,272.4959502625,281.6806604081,271.8732580492,280.1725777041,27209330,0.0,1.0
2022-03-14T00:00:00.000Z,276.44,285.3992,275.82,280.34,30660747,268.9641178654,277.6810304858,268.3608847838,272.75864854,30660747,0.0,1.0
2022-03-15T00:00:00.000Z,287.15,287.82,278.725,280.35,34245085,279.3844828717,280.0363637825,271.1873236581,272.7683781058,34245085,0.0,1.0
2022-03-16T00:00:00.000Z,294.39,294.57,283.2,289.11,37826329,286.4286885342,286.6038207192,275.541304368,281.2914777748,37826329,0.0,1.0
2022-03-17T00:00:00.000Z,295.22,295.61,289.37,293.29,30816633,287.2362424983,287.6156955657,281.5444464865,285.3584362927,30816633,0.0,1.0
2022-03-18T00:00:00.000Z,300.43,301.0,292.73,295.37,42195837,292.3053462969,292.8599315493,284.8135806061,287.3821859858,42195837,0.0,1.0
2022-03-21T00:00:00.000Z,299.16,300.14,294.9,298.89,28107855,291.0696914362,292.0231888877,286.9248963917,290.8069931587,28107855,0.0,1.0
2022-03-22T00:00:00.000Z,304.06,305.0,298.77,299.8,27441386,295.837178694,296.7517578822,290.6902383687,291.6923836494,27441386,0.0,1.0
2022-03-23T00:00:00.000Z,299.49,303.23,297.7201,300.51,25715377,291.3907671086,295.0296247299,289.668731252,292.3831828235,25715377,0.0,1.0
2022-03-24T00:00:00.000Z,304.1,304.2,298.315,299.14,24484456,295.8760969573,295.9733926156,290.2475431234,291.0502323045,24484456,0.0,1.0
2022-03-25T00:00:00.000Z,303.68,305.5,299.2855,305.23,22443541,295.4674551923,297.2382361738,291.1917974874,296.9755378963,22443541,0.0,1.0
2022-03-28T00:00:00.000Z,310.7,310.8,304.33,304.33,29578188,302.2976104065,302.3949060649,296.0998769714,296.0998769714,29578188,0.0,1.0
2022-03-29T00:00:00.000Z,315.41,315.82,309.05,313.91,30393403,306.8802359135,307.2791481126,300.6922320442,305.4208010387,30393403,0.0,1.0
2022-03-30T00:00:00.000Z,313.86,315.95,311.58,313.76,28163555,305.3721532095,307.4056324684,303.1538121998,305.2748575512,28163555,0.0,1.0
2022-03-31T00:00:00.000Z,308.31,315.14,307.89,313.9,33422070,299.9722441726,306.617537636,299.5636024077,305.4110714728,33422070,0.0,1.0
2022-04-01T00:00:00.000Z,309.42,310.13,305.54,309.37,27110529,301.05222598,301.7430251541,297.2771544371,301.0035781509,27110529,0.0,1.0
2022-04-04T00:00:00.000Z,314.97,315.11,309.71,310.09,24335868,306.4521350169,306.5883489385,301.3343833892,301.7041068908,24335868,0.0,1.0
2022-04-05T00:00:00.000Z,310.88,314.865,309.87,313.27,22984881,302.4727425915,306.3499745757,301.4900564425,304.7981088254,22984881,0.0,1.0
2022-04-06T00:00:00.000Z,299.5,307.0,296.71,305.19,40110372,291.4004966745,298.6976710486,288.6859478073,296.936619633,40110372,0.0,1.0
2022-04-07T00:00:00.000Z,301.37,303.65,296.35,296.66,31411155,293.2199254851,295.4382664948,288.3356834373,288.6372999781,31411155,0.0,1.0
2022-04-08T00:00:00.000Z,296.97,301.12,296.28,300.44,24361917,288.9389165189,292.9766863393,288.2675764765,292.3150758627,24361917,0.0,1.0
2022-04-11T00:00:00.000Z,285.26,292.61,285.0,291.79,34569264,277.5455949294,284.6968258161,277.2926262178,283.8990014178,34569264,0.0,1.0
2022-04-12T00:00:00.000Z,282.06,290.739,280.49,289.235,30966721,274.4321338631,282.8764240489,272.9045920275,281.4130973477,30966721,0.0,1.0
2022-04-13T00:00:00.000Z,287.62,288.58,281.3,282.73,21907176,279.8417724658,280.7758107857,273.6926868599,275.0840147739,21907176,0.0,1.0
2022-04-14T00:00:00.000Z,279.83,288.305,279.32,288.09,28221607,272.2624406825,280.5082477253,271.7662328251,280.2990620599,28221607,0.0,1.0
2022-04-18T00:00:00.000Z,280.52,282.46,278.34,278.91,20778000,272.933780725,274.8213164964,270.8127353735,271.367320626,20778000,0.0,1.0
2022-04-19T00:00:00.000Z,285.3,286.17,278.41,279.38,22297720,277.5845131927,278.4309854201,270.8808423344,271.8246102201,22297720,0.0,1.0
2022-04-20T00:00:00.000Z,286.36,289.7,285.3702,289.4,22805341,278.615847171,281.8655221589,277.6528147449,281.5736351839,22805341,0.0,1.0
2022-04-21T00:00:00.000Z,280.81,293.3,280.06,288.58,29454587,273.2159381341,285.3681658585,272.4862206967,280.7758107857,29454587,0.0,1.0
2022-04-22T00:00:00.000Z,274.03,283.2,273.38,281.68,29405798,266.6192924999,275.541304368,265.9868707208,274.0624103615,29405798,0.0,1.0
2022-04-25T00:00:00.000Z,280.72,281.11,270.77,273.29,35678852,273.1283720416,273.5078251091,263.4474540386,265.8993046283,35678852,0.0,1.0
2022-04-26T00:00:00.000Z,270.22,278.3599,270.0,277.5,42047008,262.9123279178,270.8320972095,262.6982774695,269.9954518436,42047008,0.0,1.0
2022-04-27T00:00:00.000Z,283.22,290.97,279.16,282.1,63477694,275.5607634996,283.1011770196,271.6105597718,274.4710521264,63477694,0.0,1.0
2022-04-28T00:00:00.000Z,289.63,290.98,281.4562,285.185,33646570,281.7974151981,283.1109065854,273.8446626782,277.4726231857,33646570,0.0,1.0
2022-04-29T00:00:00.000Z,277.52,289.88,276.5,288.61,37073923,270.0149109753,282.0406543439,269.0224952604,280.8049994832,37073923,0.0,1.0
2022-05-02T00:00:00.000Z,284.47,284.94,276.22,277.71,35151105,276.7769592287,277.2342488228,268.7500674171,270.1997727261,35151105,0.0,1.0
2022-05-03T00:00:00.000Z,281.78,284.13,280.15,283.96,25978605,274.1597060198,276.4461539904,272.5737867892,276.2807513712,25978605,0.0,1.0
2022-05-04T00:00:00.000Z,289.98,290.88,276.73,282.59,33463409,282.1379500022,283.0136109271,269.2462752745,274.9478008522,33463409,0.0,1.0
2022-05-05T00:00:00.000Z,277.35,286.35,274.34,285.54,43260386,269.8495083561,278.6061176051,266.9209090406,277.8180227727,43260386,0.0,1.0
2022-05-06T00:00:00.000Z,274.73,279.25,271.27,274.805,37780322,267.3003621081,271.6981258643,263.9339323302,267.3733338518,37780322,0.0,1.0
2022-05-09T00:00:00.000Z,264.58,272.36,263.32,270.06,47725952,257.4248527884,264.9944550059,256.1989274936,262.7566548645,47725952,0.0,1.0
2022-05-10T00:00:00.000Z,269.5,273.75,265.07,271.69,39336424,262.2117991779,266.3468646565,257.9016015142,264.3425740951,39336424,0.0,1.0
2022-05-11T00:00:00.000Z,260.55,271.36,259.3,265.68,48975898,253.503837758,264.0214984227,252.287642029,258.49510503,48975898,0.0,1.0
2022-05-12T00:00:00.000Z,255.35,259.88,250.02,257.69,51033802,248.4444635253,252.8519568473,243.2586049367,250.72118193,51033802,0.0,1.0
2022-05-13T00:00:00.000Z,261.12,263.04,255.35,257.35,34925093,254.0584230105,255.9264996503,248.4444635253,250.3903766917,34925093,0.0,1.0
2022-05-16T00:00:00.000Z,261.5,265.82,255.78,259.955,32550933,254.4281465121,258.6313189516,248.8628348561,252.924928591,32550933,0.0,1.0
2022-05-17T00:00:00.000Z,266.82,268.33,262.46,266.11,28828799,259.6042755348,261.0734399755,255.362184832,258.9134763607,28828799,0.0,1.0
2022-05-18T00:00:00.000Z,254.08,263.6,252.77,263.0,31355985,247.8120417462,257.0971906655,246.534358439,256.5119922042,31355985,0.62,1.0
2022-05-19T00:00:00.000Z,253.14,257.67,251.88,253.9,32692286,246.8952308235,251.3134792063,245.6663140548,247.6364822078,32692286,0.0,1.0
2022-05-20T00:00:00.000Z,252.56,258.54,246.44,257.24,39199279,246.3295389776,252.1620169752,240.3605146723,250.8940869757,39199279,0.0,1.0
2022-05-23T00:00:00.000Z,260.65,261.5,253.43,255.49,33175379,254.2199648975,255.048996051,247.1780767465,249.1872581303,33175379,0.0,1.0
2022-05-24T00:00:00.000Z,259.62,261.33,253.5,257.89,29043904,253.2153742056,254.8831898203,247.2463499003,251.5280519755,29043904,0.0,1.0
2022-05-25T00:00:00.000Z,262.52,264.58,257.125,258.14,28547947,256.0438334352,258.053014819,250.7819239373,251.7718846677,28547947,0.0,1.0
2022-05-26T00:00:00.000Z,265.9,267.11,261.4294,262.27,25002105,259.3404514339,260.5206016642,254.9801376987,255.800000743,25002105,0.0,1.0
2022-05-27T00:00:00.000Z,273.24,273.34,267.56,268.48,26910806,266.4993792771,266.596912354,260.9595005101,261.8568048175,26910806,0.0,1.0
2022-05-31T00:00:00.000Z,271.87,274.77,268.93,272.53,37827695,265.1631761238,267.9916353534,262.2957036634,265.8068944313,37827695,0.0,1.0
2022-06-01T00:00:00.000Z,272.42,277.69,270.04,275.195,25292174,265.6996080467,270.8396011985,263.3783208168,268.4061509302,25292174,0.0,1.0
2022-06-02T00:00:00.000Z,274.58,274.65,261.6,264.45,44008209,267.8063225074,267.8745956612,255.1465291279,257.926221819,44008209,0.0,1.0
2022-06-03T00:00:00.000Z,270.02,273.45,268.41,270.31,28058958,263.3588142015,266.7041987386,261.7885316636,263.6416601244,28058958,0.0,1.0
2022-06-06T00:00:00.000Z,268.75,274.18,267.22,272.06,22400342,262.120144125,267.4161901998,260.6278880487,265.3484889699,22400342,0.0,1.0
2022-06-07T00:00:00.000Z,272.5,273.13,265.94,266.635,22860677,265.7776345082,266.3920928926,259.3794646646,260.057319549,22860677,0.0,1.0
2022-06-08T00:00:00.000Z,270.41,273.0,269.61,271.71,17372341,263.7391932013,266.2652998926,262.9589285862,265.0071232008,17372341,0.0,1.0
2022-06-09T00:00:00.000Z,264.79,272.7081,264.63,267.78,26439728,258.2578342805,265.9806008412,258.1017813574,261.1740732793,26439728,0.0,1.0
2022-06-10T00:00:00.000Z,252.99,260.58,252.53,260.58,31445841,246.7489312082,254.1516917436,246.3002790545,254.1516917436,31445841,0.0,1.0
2022-06-13T00:00:00.000Z,242.26,249.0242,241.53,245.11,46135788,236.2836320585,242.8809644451,235.5716405973,239.0633247497,46135788,0.0,1.0
2022-06-14T00:00:00.000Z,244.49,245.74,241.51,243.86,28651487,238.4586196731,239.6777831341,235.5521339819,237.8441612887,28651487,0.0,1.0
2022-06-15T00:00:00.000Z,251.76,255.3,246.42,248.31,33111729,245.5492743625,249.0019452842,240.3410080569,242.18438321,33111729,0.0,1.0
2022-06-16T00:00:00.000Z,244.97,247.4174,243.02,245.98,33169160,238.9267784421,241.3138029657,237.0248834429,239.9118625186,33169160,0.0,1.0
2022-06-17T00:00:00.000Z,247.65,250.5,244.03,244.7,43084780,241.5406649026,244.3203575938,238.0099675194,238.6634391345,43084780,0.0,1.0
2022-06-21T00:00:00.000Z,253.74,254.75,249.51,250.255,29928297,247.4804292848,248.4655133613,243.3547801326,244.0814015554,29928297,0.0,1.0
2022-06-22T00:00:00.000Z,253.13,257.17,250.37,251.89,25961215,246.8854775158,250.8258138219,244.1935645938,245.6760673624,25961215,0.0,1.0
2022-06-23T00:00:00.000Z,258.86,259.37,253.63,255.57,25861449,252.4741228212,252.9715415134,247.3731429002,249.2652845918,25861449,0.0,1.0
2022-06-24T00:00:00.000Z,267.7,267.98,261.72,261.808,33923231,261.0960468178,261.369139433,255.2635688201,255.3493979278,33923231,0.0,1.0
2022-06-27T00:00:00.000Z,264.89,268.3,263.28,268.205,24615114,258.3553673573,261.6812452791,256.7850848195,261.588588856,24615114,0.0,1.0
2022-06-28T00:00:00.000Z,256.48,266.91,256.32,263.98,27380247,250.1528355914,260.3255355104,249.9967826684,257.4678163577,27380247,0.0,1.0
2022-06-29T00:00:00.000Z,260.26,261.97,255.76,257.59,20069839,253.8395858976,255.5074015123,249.4505974379,251.2354527448,20069839,0.0,1.0
2022-06-30T00:00:00.000Z,256.83,259.53,252.9,257.05,31730868,250.4942013605,253.1275944364,246.661151439,250.7087741297,31730868,0.0,1.0
2022-07-01T00:00:00.000Z,259.58,259.77,254.61,256.39,22837692,253.1763609748,253.3616738209,248.3289670537,250.0650558222,22837692,0.0,1.0
2022-07-05T00:00:00.000Z,262.85,262.98,254.74,256.16,22971634,256.3656925889,256.4924855889,248.4557600536,249.8407297454,22971634,0.0,1.0
2022-07-06T00:00:00.000Z,266.21,267.99,262.4,263.75,23824419,259.6428039722,261.3788927407,255.9267937429,257.2434902809,23824419,0.0,1.0
2022-07-07T00:00:00.000Z,268.4,269.055,265.02,265.12,20859874,261.778778356,262.4176200095,258.4821603573,258.5796934342,20859874,0.0,1.0
2022-07-08T00:00:00.000Z,267.66,268.1,263.285,264.79,19658751,261.057033587,261.4861791253,256.7899614734,258.2578342805,19658751,0.0,1.0
2022-07-11T00:00:00.000Z,264.51,266.53,262.18,265.65,19519108,257.9847416652,259.9549098182,255.7122209738,259.0966187417,19519108,0.0,1.0
2022-07-12T00:00:00.000Z,253.67,265.94,252.04,265.88,35868450,247.412156131,259.3794646646,245.8223669778,259.3209448185,35868450,0.0,1.0
2022-07-13T00:00:00.000Z,252.72,253.55,248.11,250.19,29497423,246.4855919006,247.2951164387,241.9893170562,244.0180050554,29497423,0.0,1.0
2022-07-14T00:00:00.000Z,254.08,255.1374,245.94,250.57,25102823,247.8120417462,248.8433565012,239.8728492879,244.3886307476,25102823,0.0,1.0
2022-07-15T00:00:00.000Z,256.72,260.3699,254.7727,255.72,29774050,250.3869149759,253.9467747491,248.4876533698,249.4115842071,29774050,0.0,1.0
2022-07-18T00:00:00.000Z,254.25,260.84,253.3,259.75,20975034,247.9778479769,254.4052777435,247.0512837465,253.3421672055,20975034,0.0,1.0
2022-07-19T00:00:00.000Z,259.53,259.72,253.68,257.575,25012562,253.1275944364,253.3129072824,247.4219094387,251.2208227833,25012562,0.0,1.0
2022-07-20T00:00:00.000Z,262.27,264.87,258.91,259.9,22788282,255.800000743,258.335860742,252.5228893597,253.4884668208,22788282,0.0,1.0
2022-07-21T00:00:00.000Z,264.84,264.89,257.03,259.79,22404675,258.3066008189,258.3553673573,250.6892675143,253.3811804363,22404675,0.0,1.0
2022-07-22T00:00:00.000Z,260.36,265.33,259.07,265.24,21881290,253.9371189745,258.7845128956,252.6789422827,258.6967331264,21881290,0.0,1.0
2022-07-25T00:00:00.000Z,258.83,261.5,256.81,260.995,21055998,252.4448628982,255.048996051,250.4746947451,254.5564540127,21055998,0.0,1.0
2022-07-26T00:00:00.000Z,251.9,259.88,249.57,259.86,39347957,245.6858206701,253.4689602055,243.4132999787,253.4494535901,39347957,0.0,1.0
2022-07-27T00:00:00.000Z,268.74,270.05,258.85,261.16,45994049,262.1103908174,263.3880741245,252.4643695136,254.7173835896,45994049,0.0,1.0
2022-07-28T00:00:00.000Z,276.41,277.84,267.87,269.75,33459327,269.5911778143,270.9859008138,261.2618530485,263.0954748939,33459327,0.0,1.0
2022-07-29T00:00:00.000Z,280.74,282.0,276.63,277.7,32152752,273.8143600434,275.0432768121,269.8057505835,270.8493545061,32152752,0.0,1.0
2022-08-01T00:00:00.000Z,278.01,281.28,275.84,277.82,21539580,271.1517070445,274.3410386586,269.0352392761,270.9663941984,21539580,0.0,1.0
2022-08-02T00:00:00.000Z,274.82,277.89,272.38,276.0,22754184,268.0404018919,271.0346673522,265.6605948159,269.1912921991,22754184,0.0,1.0
2022-08-03T00:00:00.000Z,282.47,283.5,276.61,276.76,23518874,275.5016822735,276.5062729654,269.7862439681,269.9325435834,23518874,0.0,1.0
2022-08-04T00:00:00.000Z,283.65,283.8,280.1677,281.8,18098668,276.6525725807,276.7988721961,273.2561782444,274.8482106584,18098668,0.0,1.0
2022-08-05T00:00:00.000Z,282.91,283.65,278.68,279.15,16774606,275.9308278118,276.6525725807,271.8051786596,272.263584121,16774606,0.0,1.0
2022-08-08T00:00:00.000Z,280.32,285.92,279.32,284.05,18757818,273.4047211205,278.866573426,272.4293903517,277.0427048883,18757818,0.0,1.0
2022-08-09T00:00:00.000Z,282.3,283.08,277.61,279.64,23405238,275.3358760428,276.0966340425,270.7615747369,272.7414961977,23405238,0.0,1.0
2022-08-10T00:00:00.000Z,289.16,289.81,286.94,288.17,24687845,282.026645117,282.6606101168,279.8614108102,281.0610676559,24687845,0.0,1.0
2022-08-11T00:00:00.000Z,287.02,291.21,286.51,290.85,20065938,279.9394372717,284.0260731931,279.4420185796,283.6749541164,20065938,0.0,1.0
2022-08-12T00:00:00.000Z,291.91,291.91,286.94,288.48,22619675,284.7088047313,284.7088047313,279.8614108102,281.3634201942,22619675,0.0,1.0
2022-08-15T00:00:00.000Z,293.47,294.18,290.11,291.0,18085654,286.2303207307,286.9228055766,282.9532093474,283.8212537317,18085654,0.0,1.0
2022-08-16T00:00:00.000Z,292.71,294.04,290.42,291.99,18102882,285.4890693464,286.7862592689,283.2555618858,284.7868311928,18102882,0.0,1.0
2022-08-17T00:00:00.000Z,291.32,293.35,289.47,289.74,18253358,284.7380646544,286.7221998708,282.9298626099,283.1937623677,18253358,0.62,1.0
2022-08-18T00:00:00.000Z,290.17,291.91,289.08,290.189,17186192,283.6140471673,285.3147344956,282.5486740707,283.632617891,17186192,0.0,1.0
2022-08-19T00:00:00.000Z,286.15,289.25,285.56,288.9,20570033,279.6848729948,282.7148331775,279.1082031536,282.3727408988,20570033,0.0,1.0
2022-08-22T00:00:00.000Z,277.75,282.46,277.22,282.08,25061070,271.4746583062,276.0782429709,270.9566328556,275.7068284969,25061070,0.0,1.0
2022-08-23T00:00:00.000Z,276.44,278.86,275.4,276.44,17527409,270.1942557774,272.5595795329,269.1777530064,270.1942557774,17527409,0.0,1.0
2022-08-24T00:00:00.000Z,275.79,277.23,275.11,275.41,18137019,269.5589415455,270.9664069207,268.8943051183,269.1875270715,18137019,0.0,1.0
2022-08-25T00:00:00.000Z,278.85,279.02,274.52,277.33,16583407,272.5498054678,272.7159645746,268.3176352771,271.0641475717,16583407,0.0,1.0
2022-08-26T00:00:00.000Z,268.09,280.34,267.98,279.08,27549307,262.0329114142,274.0061411685,261.9253966981,272.7746089652,27549307,0.0,1.0
2022-08-29T00:00:00.000Z,265.23,267.4,263.85,265.85,20121371,259.2375287941,261.358500922,257.8887078095,259.8435208306,20121371,0.0,1.0
2022-08-30T00:00:00.000Z,262.97,267.05,260.66,266.67,22767071,257.0285900802,261.0164086433,254.7707810408,260.6449941692,22767071,0.0,1.0
2022-08-31T00:00:00.000Z,261.47,267.11,261.33,265.39,24791834,255.5624803144,261.0750530339,255.4256434029,259.3939138357,24791834,0.0,1.0
2022-09-01T00:00:00.000Z,260.4,260.89,255.41,258.87,23263431,254.5166553481,254.9955845383,249.6393968604,253.0212233869,23263431,0.0,1.0
2022-09-02T00:00:00.000Z,256.06,264.74,254.47,261.695,22855380,250.2747110923,258.7585996039,248.7206347405,255.7823967792,22855380,0.0,1.0
2022-09-06T00:00:00.000Z,253.25,257.83,251.94,256.2,21283869,247.5281987976,252.004720616,246.2477962688,250.4115480038,21283869,0.0,1.0
2022-09-07T00:00:00.000Z,258.09,258.83,253.22,254.7,24126700,252.2588463087,252.9821271265,247.4988766023,248.9454382379,24126700,0.0,1.0
2022-09-08T00:00:00.000Z,258.52,260.43,254.79,257.51,20319911,252.6791311082,254.5459775434,249.0334048239,251.6919505326,20319911,0.0,1.0
2022-09-09T00:00:00.000Z,264.46,265.23,260.29,260.5,22093190,258.4849257809,259.2375287941,254.4091406319,254.6143959991,22093190,0.0,1.0
2022-09-12T00:00:00.000Z,266.65,267.45,265.16,265.78,18747690,260.625446039,261.4073712475,259.1691103383,259.7751023749,18747690,0.0,1.0
2022-09-13T00:00:00.000Z,251.99,260.4,251.59,258.84,33353318,246.2966665943,254.5166553481,245.9057039901,252.9919011916,33353318,0.0,1.0
2022-09-14T00:00:00.000Z,252.22,254.23,249.86,253.53,23912954,246.5214700918,248.486057178,244.2147907268,247.8018726206,23912954,0.0,1.0
2022-09-15T00:00:00.000Z,245.38,251.4,244.02,249.77,31530948,239.8360095596,245.7199967531,238.5067367052,244.1268241409,31530948,0.0,1.0
2022-09-16T00:00:00.000Z,244.74,245.3,242.0627,244.26,39791768,239.2104693928,239.7578170387,236.5936589421,238.7413142677,39791768,0.0,1.0
2022-09-19T00:00:00.000Z,244.52,245.14,240.85,242.465,26826931,238.9954399605,239.601431997,235.4083580668,236.9868695813,26826931,0.0,1.0
2022-09-20T00:00:00.000Z,242.45,243.51,239.64,242.065,26660299,236.9722084836,238.0082593848,234.225696189,236.5959069771,26660299,0.0,1.0
2022-09-21T00:00:00.000Z,238.95,247.66,238.9,244.27,28625557,233.5512856967,242.0644964036,233.5024153712,238.7510883329,28625557,0.0,1.0
2022-09-22T00:00:00.000Z,240.98,243.86,237.57,237.8704,30927092,235.5354209131,238.3503516635,232.2024647121,232.4960776279,30927092,0.0,1.0
2022-09-23T00:00:00.000Z,237.92,241.13,235.2,239.54,34176048,232.5445569908,235.6820318897,229.8860112821,234.1279555379,34176048,0.0,1.0
2022-09-26T00:00:00.000Z,237.45,241.45,236.9,237.045,27694190,232.0851759309,235.9948019731,231.5476023501,231.6893262941,27694190,0.0,1.0
2022-09-27T00:00:00.000Z,236.41,241.8,234.5,239.98,27018732,231.0686731599,236.3368942518,229.2018267247,234.5580144026,27018732,0.0,1.0
2022-09-28T00:00:00.000Z,241.07,242.33,234.73,236.81,29029679,235.6233874991,236.8549197024,229.4266302222,231.4596357641,29029679,0.0,1.0
2022-09-29T00:00:00.000Z,237.5,239.95,234.41,238.89,27484233,232.1340462564,234.5286922073,229.1138601388,233.4926413061,27484233,0.0,1.0
2022-09-30T00:00:00.000Z,232.9,240.54,232.73,238.29,35694832,227.6379763079,235.1053620485,227.4718172011,232.9061973997,35694832,0.0,1.0
2022-10-03T00:00:00.000Z,240.74,241.61,234.66,235.41,28880357,235.3008433506,236.1511870148,229.3582117664,230.0912666494,28880357,0.0,1.0
2022-10-04T00:00:00.000Z,248.88,250.36,244.975,245.09,34888416,243.2569323465,244.7034939821,239.4401599228,239.5525616715,34888416,0.0,1.0
2022-10-05T00:00:00.000Z,249.2,250.58,244.1,245.99,20347136,243.5697024299,244.9185234144,238.5849292261,240.432227531,20347136,0.0,1.0
2022-10-06T00:00:00.000Z,246.79,250.34,246.08,247.93,20239886,241.2141527394,244.6839458519,240.520194117,242.3283961615,20239886,0.0,1.0
2022-10-07T00:00:00.000Z,234.24,241.32,233.17,240.902,37769602,228.947701032,235.8677391267,227.9018760657,235.4591832053,37769602,0.0,1.0
2022-10-10T00:00:00.000Z,229.25,234.559,226.73,233.05,29743608,224.0704425443,229.2594937089,221.6073781378,227.7845872844,29743608,0.0,1.0
2022-10-11T00:00:00.000Z,225.41,229.06,224.11,227.62,30473954,220.3172015438,223.8847353073,219.0465730801,222.4772699321,30473954,0.0,1.0
2022-10-12T00:00:00.000Z,225.75,227.86,223.96,225.4,21903937,220.6495197574,222.7118474947,218.8999621035,220.3074274787,21903937,0.0,1.0
2022-10-13T00:00:00.000Z,234.24,236.1,219.13,219.85,42551818,228.947701032,230.7656771416,214.1790886575,214.8828213451,42551818,0.0,1.0
2022-10-14T00:00:00.000Z,228.56,237.24,228.34,235.54,30198588,223.3960320521,231.8799205637,223.1810026197,230.2183294957,30198588,0.0,1.0
2022-10-17T00:00:00.000Z,237.53,238.96,235.135,235.82,28142268,232.1633684517,233.5610597618,229.822479859,230.4920033187,28142268,0.0,1.0
2022-10-18T00:00:00.000Z,238.5,243.93,235.37,243.24,26329591,233.111452767,238.4187701193,230.0521703889,237.744359627,26329591,0.0,1.0
2022-10-19T00:00:00.000Z,236.48,239.61,234.29,237.04,19985698,231.1370916156,234.1963739937,228.9965713575,231.6844392616,19985698,0.0,1.0
2022-10-20T00:00:00.000Z,236.15,241.31,234.87,235.77,21811015,230.8145474672,235.8579650616,229.5634671337,230.4431329932,21811015,0.0,1.0
2022-10-21T00:00:00.000Z,242.12,243.0,234.5,234.74,26299733,236.6496643352,237.5097820645,229.2018267247,229.4364042873,26299733,0.0,1.0
2022-10-24T00:00:00.000Z,247.25,247.84,241.295,243.76,24911212,241.6637597343,242.2404295755,235.843303964,238.2526110125,24911212,0.0,1.0
2022-10-25T00:00:00.000Z,250.66,251.04,245.83,247.26,34775505,244.9967159353,245.3681304093,240.2758424893,241.6735337994,34775505,0.0,1.0
2022-10-26T00:00:00.000Z,231.32,238.3,230.06,231.17,82684846,226.0936740212,232.9159714649,224.8621418179,225.9470630446,82684846,0.0,1.0
2022-10-27T00:00:00.000Z,226.75,233.69,225.78,231.04,40424645,221.626926268,228.4101274512,220.6788419527,225.8200001982,40424645,0.0,1.0
2022-10-28T00:00:00.000Z,235.87,236.6,226.05,226.24,40647724,230.5408736442,231.2543803969,220.9427417106,221.1284489476,40647724,0.0,1.0
2022-10-31T00:00:00.000Z,232.13,234.92,231.15,233.76,28357265,226.8853732947,229.6123374592,225.9275149144,228.4785459069,28357265,0.0,1.0
2022-11-01T00:00:00.000Z,228.17,235.74,227.325,234.6,30592271,223.0148435129,230.4138107978,222.1889350115,229.2995673758,30592271,0.0,1.0
2022-11-02T00:00:00.000Z,220.1,231.3,220.04,229.46,38407008,215.1271729728,226.074125891,215.0685285821,224.2756979116,38407008,0.0,1.0
2022-11-03T00:00:00.000Z,214.25,220.41,213.98,220.09,36633922,209.409344886,215.4301689911,209.1454451282,215.1173989077,36633922,0.0,1.0
2022-11-04T00:00:00.000Z,221.39,221.59,213.431,217.55,36789063,216.3880273714,216.5835086735,208.6088489539,212.6347863709,36789063,0.0,1.0
2022-11-07T00:00:00.000Z,227.87,228.41,221.28,221.99,33497979,222.7216215598,223.2494210755,216.2805126552,216.9744712777,33497979,0.0,1.0
2022-11-08T00:00:00.000Z,228.87,231.65,225.84,228.7,28192548,223.6990280703,226.4162181697,220.7374863434,223.5328689635,28192548,0.0,1.0
2022-11-09T00:00:00.000Z,224.51,228.6327,224.33,227.37,27852910,219.4375356843,223.4670895054,219.2616025124,222.2329183045,27852910,0.0,1.0
2022-11-10T00:00:00.000Z,242.98,243.33,235.0,235.43,46268021,237.4902339342,237.8323262129,229.69052998,230.1108147796,46268021,0.0,1.0
2022-11-11T00:00:00.000Z,247.11,247.99,241.93,242.99,34620246,241.5269228228,242.3870405521,236.4639570982,237.5000079993,34620246,0.0,1.0
2022-11-14T00:00:00.000Z,241.55,243.91,239.21,241.985,31123340,236.0925426242,238.3992219891,233.8054113895,236.5177144562,31123340,0.0,1.0
2022-11-15T00:00:00.000Z,241.97,247.0,240.03,245.66,31390117,236.5030533586,241.4194081067,234.6068847281,240.1096833825,31390117,0.0,1.0
2022-11-16T00:00:00.000Z,241.73,243.8,240.42,242.79,24093272,236.9331122232,238.9620351633,235.6491078505,237.9720775935,24093272,0.68,1.0
2022-11-17T00:00:00.000Z,241.68,243.25,237.63,237.78,23123544,236.8841044227,238.422949358,232.9144725835,233.0614959849,23123544,0.0,1.0
2022-11-18T00:00:00.000Z,241.22,243.74,239.03,243.51,27613523,236.4332326583,238.9032258027,234.2866909971,238.6777899205,27613523,0.0,1.0
2022-11-21T00:00:00.000Z,242.05,244.67,241.19,241.43,26394700,237.2467621463,239.8147708917,236.403827978,236.6390654203,26394700,0.0,1.0
2022-11-22T00:00:00.000Z,245.03,245.31,240.71,243.59,19665699,240.1676270552,240.4420707379,235.9333530933,238.7562024013,19665699,0.0,1.0
2022-11-23T00:00:00.000Z,247.58,248.28,244.27,245.105,19508462,242.6670248799,243.3531340867,239.4227084878,240.2411387559,19508462,0.0,1.0
2022-11-25T00:00:00.000Z,247.49,248.7,246.73,247.31,9200772,242.5788108391,243.7647996108,241.8338922717,242.4023827573,9200772,0.0,1.0
2022-11-28T00:00:00.000Z,241.76,246.65,240.8,246.08,24810271,236.9625169035,241.7554797909,236.0215671342,241.1967908654,24810271,0.0,1.0
2022-11-29T00:00:00.000Z,240.33,242.79,238.21,241.4,17956313,235.5608938097,237.9720775935,233.4829630691,236.60966074,17956313,0.0,1.0
2022-11-30T00:00:00.000Z,255.14,255.33,239.86,240.57,47594239,250.0770043132,250.2632339551,235.1002204851,235.796131252,47594239,0.0,1.0
2022-12-01T00:00:00.000Z,254.69,256.12,250.9156,253.87,26041524,249.6359341089,251.0375572027,245.9364332659,248.8322061809,26041524,0.0,1.0
2022-12-02T00:00:00.000Z,255.02,256.06,249.69,249.82,21528520,249.9593855921,250.9787478421,244.7351540604,244.8625743416,21528520,0.0,1.0
2022-12-05T00:00:00.000Z,250.2,253.819,248.06,252.01,23435294,245.2350336253,248.7822182244,243.1374997646,247.0091160029,23435294,0.0,1.0
2022-12-06T00:00:00.000Z,245.12,251.86,243.78,250.82,22463727,240.2558410961,246.8620926014,238.9424320431,245.8427303513,22463727,0.0,1.0
2022-12-07T00:00:00.000Z,244.37,246.16,242.205,244.83,20481522,239.5207240888,241.2752033462,237.3986863278,239.9715958533,20481522,0.0,1.0
2022-12-08T00:00:00.000Z,247.4,248.74,243.06,244.84,22611757,242.4905967982,243.8040058512,238.2367197161,239.9813974134,22611757,0.0,1.0
2022-12-09T00:00:00.000Z,245.42,248.31,244.16,244.695,20609743,240.549887899,243.382538767,239.3148913268,239.839274792,20609743,0.0,1.0
2022-12-12T00:00:00.000Z,252.51,252.54,247.17,247.445,30665069,247.4991940077,247.528598688,242.265160916,242.5347038186,30665069,0.0,1.0
2022-12-13T00:00:00.000Z,256.92,263.915,253.07,261.69,42196884,251.8216820105,258.6778732983,248.0480813732,256.4970261767,42196884,0.0,1.0
2022-12-14T00:00:00.000Z,257.22,262.588,254.31,257.13,35410933,252.1157288134,257.3772062734,249.2634748252,252.0275147725,35410933,0.0,1.0
2022-12-15T00:00:00.000Z,249.01,254.2,247.34,253.72,35568093,244.0686479738,249.1556576641,242.4317874376,248.6851827795,35568093,0.0,1.0
2022-12-16T00:00:00.000Z,244.69,249.84,243.51,248.55,86101994,239.8343740119,244.8821774618,238.6777899205,243.6177762093,86101994,0.0,1.0
2022-12-19T00:00:00.000Z,240.45,245.21,238.71,244.86,29696436,235.6785125308,240.344055137,233.973041074,240.0010005336,29696436,0.0,1.0
2022-12-20T00:00:00.000Z,241.8,242.91,238.42,239.4,25150802,237.0017231439,238.0896963147,233.6887958311,234.6493487206,25150802,0.0,1.0
2022-12-21T00:00:00.000Z,244.43,245.615,240.11,241.69,23690607,239.5795334494,240.7410183209,235.3452594875,236.8939059828,23690607,0.0,1.0
2022-12-22T00:00:00.000Z,238.19,241.99,233.87,241.255,28651664,233.4633599489,237.1879527857,229.229085987,236.4675381186,28651664,0.0,1.0
2022-12-23T00:00:00.000Z,238.73,238.87,233.9428,236.11,21206982,233.9926441941,234.1298660355,229.3004413445,231.4246354487,21206982,0.0,1.0
2022-12-27T00:00:00.000Z,236.96,238.93,235.83,238.7,16688648,232.257768057,234.1886753961,231.150191766,233.9632395139,16688648,0.0,1.0
2022-12-28T00:00:00.000Z,234.53,239.72,234.17,236.89,17457104,229.8759889534,234.9629986437,229.5231327899,232.1891571363,17457104,0.0,1.0
2022-12-29T00:00:00.000Z,241.01,241.92,235.65,235.65,19770693,236.2273998962,237.1193418651,230.9737636843,230.9737636843,19770693,0.0,1.0
2022-12-30T00:00:00.000Z,239.82,239.96,236.66,238.21,21938472,235.0610142447,235.1982360861,231.9637212541,233.4829630691,21938472,0.0,1.0
2023-01-03T00:00:00.000Z,239.58,245.75,237.4,243.08,25740036,234.8257768024,240.8733393822,232.6890367013,238.2563228363,25740036,0.0,1.0
2023-01-04T00:00:00.000Z,229.1,232.87,225.96,232.275,50623394,224.5537418208,228.2489299773,221.4760519504,227.6657371516,50623394,0.0,1.0
2023-01-05T00:00:00.000Z,222.31,227.55,221.7602,227.2,39585623,217.898482515,223.0345000058,217.3595927408,222.6914454024,39585623,0.0,1.0
2023-01-06T00:00:00.000Z,224.93,225.7601,219.35,223.0,43613574,220.4664912604,221.280118764,214.9972207263,218.5747901617,43613574,0.0,1.0
2023-01-09T00:00:00.000Z,227.12,231.2366,226.41,226.45,27369784,222.6130329216,226.6479431511,221.9171221547,221.9563283951,27369784,0.0,1.0
2023-01-10T00:00:00.000Z,228.85,231.31,227.33,227.755,27033881,224.3087028184,226.7198866022,222.8188656836,223.2354319878,27033881,0.0,1.0
2023-01-11T00:00:00.000Z,235.77,235.95,231.11,231.29,28669331,231.0913824055,231.2678104872,226.5238554003,226.700283482,28669331,0.0,1.0
2023-01-12T00:00:00.000Z,238.51,239.9,233.56,235.26,27269486,233.777009872,235.1394267255,228.925237624,230.5915028405,27269486,0.0,1.0
2023-01-13T00:00:00.000Z,239.23,239.37,234.92,237.002,21333265,234.482722199,234.6199440403,230.2582497972,232.2989346094,21333265,0.0,1.0
2023-01-17T00:00:00.000Z,240.35,240.91,237.09,237.97,29831257,235.5804969298,236.1293842953,232.3851883382,233.2477256268,29831257,0.0,1.0
2023-01-18T00:00:00.000Z,235.81,242.38,235.52,241.565,30028692,231.1305886458,237.5702136295,230.846343403,236.7713864816,30028692,0.0,1.0
2023-01-19T00:00:00.000Z,231.93,235.52,230.68,233.78,28623033,227.3275833282,230.846343403,226.1023883161,229.1408719462,28623033,0.0,1.0
2023-01-20T00:00:00.000Z,240.22,240.74,234.51,234.855,35389809,235.4530766486,235.9627577736,229.8563858332,230.1945396566,35389809,0.0,1.0
2023-01-23T00:00:00.000Z,242.58,245.165,239.65,241.1,31933951,237.7662448315,240.2999481165,234.8943877231,236.3156139371,31933951,0.0,1.0
2023-01-24T00:00:00.000Z,242.04,243.95,240.44,242.5,40234444,237.2369605862,239.1090585647,235.6687109707,237.6878323507,40234444,0.0,1.0
2023-01-25T00:00:00.000Z,240.61,243.3,230.9,234.48,66526641,235.8353374924,238.4719571584,226.3180226382,229.8269811529,66526641,0.0,1.0
2023-01-26T00:00:00.000Z,248.0,248.31,242.0,243.65,33454491,243.078690404,243.382538767,237.1977543458,238.8150117618,33454491,0.0,1.0
2023-01-27T00:00:00.000Z,248.16,249.83,246.83,248.99,26498939,243.2355153656,244.8723759017,241.9319078727,244.0490448536,26498939,0.0,1.0
2023-01-30T00:00:00.000Z,242.71,245.6,242.2,244.51,25867365,237.8936651127,240.7263159807,237.3937855478,239.6579459302,25867365,0.0,1.0
2023-01-31T00:00:00.000Z,247.81,247.95,242.945,243.45,26541072,242.8924607622,243.0296826035,238.124001775,238.6189805599,26541072,0.0,1.0
2023-02-01T00:00:00.000Z,252.75,255.18,245.47,248.0,31259912,247.73443145,250.1162105536,240.5988956995,243.078690404,31259912,0.0,1.0
2023-02-02T00:00:00.000Z,264.6,264.69,257.25,258.82,39940437,259.3492801649,259.4374942058,252.1451334937,253.6839784289,39940437,0.0,1.0
2023-02-03T00:00:00.000Z,258.35,264.2,257.1,259.542,29077256,253.2233051043,258.957217761,251.9981100922,254.3916510679,29077256,0.0,1.0
2023-02-06T00:00:00.000Z,256.77,258.3,254.78,257.44,22517997,251.674658609,253.1742973038,249.7241481497,252.3313631355,22517997,0.0,1.0
2023-02-07T00:00:00.000Z,267.56,268.775,260.08,260.53,50841365,262.2505419536,263.4414315054,254.9189750011,255.3600452055,50841365,0.0,1.0
2023-02-08T00:00:00.000Z,266.73,276.76,266.21,273.2,54686049,261.4370124656,271.2679772428,260.9273313405,267.7786218483,54686049,0.0,1.0
2023-02-09T00:00:00.000Z,263.62,273.98,262.8,273.8,42375102,258.3887272754,268.5431435358,257.5849993475,268.3667154541,42375102,0.0,1.0
2023-02-10T00:00:00.000Z,263.1,264.09,260.662,261.53,25818489,257.8790461504,258.8494006,255.4894257987,256.3402012152,25818489,0.0,1.0
2023-02-13T00:00:00.000Z,271.32,274.6,267.15,267.64,44630921,265.9359285501,269.1508402619,261.8486779896,262.3289544344,44630921,0.0,1.0
2023-02-14T00:00:00.000Z,272.17,274.97,269.28,272.67,37047924,266.7690611583,269.5134979854,263.9364102903,267.2591391631,37047924,0.0,1.0
2023-02-15T00:00:00.000Z,269.32,270.73,266.18,268.32,28962163,264.6421226173,266.027632022,261.556661957,263.6594918337,28962163,0.68,1.0
2023-02-16T00:00:00.000Z,262.15,266.74,261.9,264.02,29603616,257.5966598994,262.1069351958,257.3510022036,259.4341794646,29603616,0.0,1.0
2023-02-17T00:00:00.000Z,258.06,260.09,256.0,259.39,30000055,253.5776999948,255.5724404854,251.5534805808,254.8845989369,30000055,0.0,1.0
2023-02-21T00:00:00.000Z,252.67,255.49,251.59,254.48,28397444,248.2813200717,251.0523388812,247.2200788255,250.0598817898,28397444,0.0,1.0
2023-02-22T00:00:00.000Z,251.51,254.34,250.34,254.09,22491056,247.1414683628,249.9223134802,245.9917903461,249.6766557843,22491056,0.0,1.0
2023-02-23T00:00:00.000Z,254.77,256.84,250.48,255.56,29219095,250.3448447171,252.3788904389,246.1293586558,251.121123036,29219095,0.0,1.0
2023-02-24T00:00:00.000Z,249.22,251.0,248.1,249.96,24990905,244.8912438685,246.6403266632,243.790697391,245.6183906483,24990905,0.0,1.0
2023-02-27T00:00:00.000Z,250.16,252.82,249.39,252.46,21190042,245.814916805,248.4287146892,245.0582911017,248.0749676071,21190042,0.0,1.0
2023-02-28T00:00:00.000Z,249.42,251.49,248.73,249.07,22490950,245.0877700252,247.1218157471,244.4097547846,244.743849251,22490950,0.0,1.0
2023-03-01T00:00:00.000Z,246.27,250.93,245.79,250.76,27565259,241.9924830572,246.5715425084,241.5208202811,246.4044952752,27565259,0.0,1.0
